publishedDate,sectionName,webTitle,webUrl
2025-03-16T09:34:27Z,World news,‘We are all Natasha’: senator’s sexual harassment claims roil Nigeria,https://www.theguardian.com/world/2025/mar/16/senator-sexual-harassment-claims-nigeria-natasha-akpoti-uduaghan
2025-04-01T07:12:06Z,World news,Niger’s junta withdraws from Lake Chad anti-Islamist force,https://www.theguardian.com/world/2025/apr/01/niger-junta-withdraws-from-lake-chad-anti-islamist-force
2025-03-08T07:00:15Z,World news,Around the world in 60 hours: Nigerian aims to set travel record with ‘low-mobility’ passport,https://www.theguardian.com/world/2025/mar/08/around-world-60-hours-nigerian-aims-travel-record-low-mobility-passport
2025-03-19T12:00:56Z,Books,Where to start with: Chimamanda Ngozi Adichie,https://www.theguardian.com/books/2025/mar/19/where-to-start-with-chimamanda-ngozi-adichie
2025-04-01T09:00:13Z,Global development,"Snakes, ‘border madness’ and solo trips: five Nigerian female travellers on their top tips and trickiest moments",https://www.theguardian.com/global-development/2025/apr/01/passports-visas-nigeria-africa-adventure-solo-travel-tips-female-influencers
2025-03-21T05:00:49Z,Society,"Post-Brexit reliance on NHS staff from ‘red list’ countries is unethical, Streeting says",https://www.theguardian.com/society/2025/mar/21/post-brexit-reliance-on-nhs-staff-from-red-list-countries-is-unethical-streeting-says
2025-03-07T15:00:06Z,World news,Nigerian king faces Shell in London high court over decades of oil spills,https://www.theguardian.com/world/2025/mar/07/nigerian-king-faces-shell-london-high-court-decades-oil-spills
2025-03-04T06:00:37Z,Global development,The Chimamanda effect: Nigerians’ delight at first novel in a decade from their beloved daughter,https://www.theguardian.com/global-development/2025/mar/04/the-chimamanda-effect-nigerians-delight-at-first-novel-in-a-decade-from-their-beloved-daughter
2025-03-02T07:00:02Z,Books,Dream Count by Chimamanda Ngozi Adichie review – candid conversations with friends,https://www.theguardian.com/books/2025/mar/02/dream-count-by-chimamanda-ngozi-adichie-review-candid-conversations-with-friends
2025-03-20T19:45:41Z,Science,David Landon obituary,https://www.theguardian.com/science/2025/mar/20/david-landon-obituary
2025-03-16T09:34:27Z,World news,‘We are all Natasha’: senator’s sexual harassment claims roil Nigeria,https://www.theguardian.com/world/2025/mar/16/senator-sexual-harassment-claims-nigeria-natasha-akpoti-uduaghan
2025-04-01T07:12:06Z,World news,Niger’s junta withdraws from Lake Chad anti-Islamist force,https://www.theguardian.com/world/2025/apr/01/niger-junta-withdraws-from-lake-chad-anti-islamist-force
2025-03-08T07:00:15Z,World news,Around the world in 60 hours: Nigerian aims to set travel record with ‘low-mobility’ passport,https://www.theguardian.com/world/2025/mar/08/around-world-60-hours-nigerian-aims-travel-record-low-mobility-passport
2025-03-19T12:00:56Z,Books,Where to start with: Chimamanda Ngozi Adichie,https://www.theguardian.com/books/2025/mar/19/where-to-start-with-chimamanda-ngozi-adichie
2025-04-01T09:00:13Z,Global development,"Snakes, ‘border madness’ and solo trips: five Nigerian female travellers on their top tips and trickiest moments",https://www.theguardian.com/global-development/2025/apr/01/passports-visas-nigeria-africa-adventure-solo-travel-tips-female-influencers
2025-03-21T05:00:49Z,Society,"Post-Brexit reliance on NHS staff from ‘red list’ countries is unethical, Streeting says",https://www.theguardian.com/society/2025/mar/21/post-brexit-reliance-on-nhs-staff-from-red-list-countries-is-unethical-streeting-says
2025-03-07T15:00:06Z,World news,Nigerian king faces Shell in London high court over decades of oil spills,https://www.theguardian.com/world/2025/mar/07/nigerian-king-faces-shell-london-high-court-decades-oil-spills
2025-03-04T06:00:37Z,Global development,The Chimamanda effect: Nigerians’ delight at first novel in a decade from their beloved daughter,https://www.theguardian.com/global-development/2025/mar/04/the-chimamanda-effect-nigerians-delight-at-first-novel-in-a-decade-from-their-beloved-daughter
2025-03-02T07:00:02Z,Books,Dream Count by Chimamanda Ngozi Adichie review – candid conversations with friends,https://www.theguardian.com/books/2025/mar/02/dream-count-by-chimamanda-ngozi-adichie-review-candid-conversations-with-friends
2025-03-20T19:45:41Z,Science,David Landon obituary,https://www.theguardian.com/science/2025/mar/20/david-landon-obituary
2025-03-16T09:34:27Z,World news,‘We are all Natasha’: senator’s sexual harassment claims roil Nigeria,https://www.theguardian.com/world/2025/mar/16/senator-sexual-harassment-claims-nigeria-natasha-akpoti-uduaghan
2025-04-01T07:12:06Z,World news,Niger’s junta withdraws from Lake Chad anti-Islamist force,https://www.theguardian.com/world/2025/apr/01/niger-junta-withdraws-from-lake-chad-anti-islamist-force
2025-03-08T07:00:15Z,World news,Around the world in 60 hours: Nigerian aims to set travel record with ‘low-mobility’ passport,https://www.theguardian.com/world/2025/mar/08/around-world-60-hours-nigerian-aims-travel-record-low-mobility-passport
2025-03-19T12:00:56Z,Books,Where to start with: Chimamanda Ngozi Adichie,https://www.theguardian.com/books/2025/mar/19/where-to-start-with-chimamanda-ngozi-adichie
2025-04-01T09:00:13Z,Global development,"Snakes, ‘border madness’ and solo trips: five Nigerian female travellers on their top tips and trickiest moments",https://www.theguardian.com/global-development/2025/apr/01/passports-visas-nigeria-africa-adventure-solo-travel-tips-female-influencers
2025-03-21T05:00:49Z,Society,"Post-Brexit reliance on NHS staff from ‘red list’ countries is unethical, Streeting says",https://www.theguardian.com/society/2025/mar/21/post-brexit-reliance-on-nhs-staff-from-red-list-countries-is-unethical-streeting-says
2025-03-07T15:00:06Z,World news,Nigerian king faces Shell in London high court over decades of oil spills,https://www.theguardian.com/world/2025/mar/07/nigerian-king-faces-shell-london-high-court-decades-oil-spills
2025-03-04T06:00:37Z,Global development,The Chimamanda effect: Nigerians’ delight at first novel in a decade from their beloved daughter,https://www.theguardian.com/global-development/2025/mar/04/the-chimamanda-effect-nigerians-delight-at-first-novel-in-a-decade-from-their-beloved-daughter
2025-03-02T07:00:02Z,Books,Dream Count by Chimamanda Ngozi Adichie review – candid conversations with friends,https://www.theguardian.com/books/2025/mar/02/dream-count-by-chimamanda-ngozi-adichie-review-candid-conversations-with-friends
2025-03-20T19:45:41Z,Science,David Landon obituary,https://www.theguardian.com/science/2025/mar/20/david-landon-obituary
2025-03-16T09:34:27Z,World news,‘We are all Natasha’: senator’s sexual harassment claims roil Nigeria,https://www.theguardian.com/world/2025/mar/16/senator-sexual-harassment-claims-nigeria-natasha-akpoti-uduaghan
2025-04-01T07:12:06Z,World news,Niger’s junta withdraws from Lake Chad anti-Islamist force,https://www.theguardian.com/world/2025/apr/01/niger-junta-withdraws-from-lake-chad-anti-islamist-force
2025-03-08T07:00:15Z,World news,Around the world in 60 hours: Nigerian aims to set travel record with ‘low-mobility’ passport,https://www.theguardian.com/world/2025/mar/08/around-world-60-hours-nigerian-aims-travel-record-low-mobility-passport
2025-03-19T12:00:56Z,Books,Where to start with: Chimamanda Ngozi Adichie,https://www.theguardian.com/books/2025/mar/19/where-to-start-with-chimamanda-ngozi-adichie
2025-04-01T09:00:13Z,Global development,"Snakes, ‘border madness’ and solo trips: five Nigerian female travellers on their top tips and trickiest moments",https://www.theguardian.com/global-development/2025/apr/01/passports-visas-nigeria-africa-adventure-solo-travel-tips-female-influencers
2025-03-21T05:00:49Z,Society,"Post-Brexit reliance on NHS staff from ‘red list’ countries is unethical, Streeting says",https://www.theguardian.com/society/2025/mar/21/post-brexit-reliance-on-nhs-staff-from-red-list-countries-is-unethical-streeting-says
2025-03-07T15:00:06Z,World news,Nigerian king faces Shell in London high court over decades of oil spills,https://www.theguardian.com/world/2025/mar/07/nigerian-king-faces-shell-london-high-court-decades-oil-spills
2025-03-04T06:00:37Z,Global development,The Chimamanda effect: Nigerians’ delight at first novel in a decade from their beloved daughter,https://www.theguardian.com/global-development/2025/mar/04/the-chimamanda-effect-nigerians-delight-at-first-novel-in-a-decade-from-their-beloved-daughter
2025-03-02T07:00:02Z,Books,Dream Count by Chimamanda Ngozi Adichie review – candid conversations with friends,https://www.theguardian.com/books/2025/mar/02/dream-count-by-chimamanda-ngozi-adichie-review-candid-conversations-with-friends
2025-03-20T19:45:41Z,Science,David Landon obituary,https://www.theguardian.com/science/2025/mar/20/david-landon-obituary
